<?xml version="1.0" encoding="UTF-8"?>
<project-private xmlns="http://www.netbeans.org/ns/project-private/1">
    <editor-bookmarks xmlns="http://www.netbeans.org/ns/editor-bookmarks/2" lastBookmarkId="0"/>
    <open-files xmlns="http://www.netbeans.org/ns/projectui-open-files/2">
        <group>
            <file>file:/D:/Tugas/Tugas%20IF/SEMESTER%204/PBO/MATERI/TUBESPBO/src/tubespbo/inputdata.java</file>
            <file>file:/D:/Tugas/Tugas%20IF/SEMESTER%204/PBO/MATERI/TUBESPBO/src/tubespbo/koneksi.java</file>
            <file>file:/D:/Tugas/Tugas%20IF/SEMESTER%204/PBO/MATERI/TUBESPBO/src/tubespbo/Form_tiket.java</file>
            <file>file:/D:/Tugas/Tugas%20IF/SEMESTER%204/PBO/MATERI/TUBESPBO/src/tubespbo/Login.java</file>
        </group>
    </open-files>
</project-private>
